SUMLEV,POP_2010,POP_2015,POP_2019
50,54571,54727,55390
50,182265,194885,212521
50,27457,26937,25157
50,22915,22521,22550
50,57322,57619,57787
50,10914,10549,10176
50,20947,20356,19888
50,118572,116471,114710
50,34215,34139,33707
50,25989,26017,25805
50,43643,43628,44120
50,13859,13397,12925
50,25833,25123,24063
50,13932,13404,13350
50,14972,14976,14899
50,49948,50681,51853
50,54428,54529,54695
50,13228,12912,12431
50,11539,11254,10724
50,37765,37814,37062
50,13906,13847,13858
50,80406,80690,82867
50,50251,49771,49342
50,43820,41976,39238
50,71109,70912,71437
50,79303,80536,81422
50,38319,37765,36993
50,104430,103884,103007
50,17241,16824,16466
50,31704,31553,31542
50,26790,26677,26385
50,9045,8748,8310
50,15760,15246,14801
50,17302,17129,17115
50,101547,103643,104378
50,53227,52957,51828
50,658466,659265,659599
50,14564,14212,13882
50,92709,92701,92564
50,34339,33575,33063
50,140247,151809,161440
50,82782,88916,94130
50,11299,10661,10097
50,21452,20021,18793
50,334811,346625,361762
50,21027,20119,19396
50,30776,30224,29792
50,93019,94356,95572
50,412992,413918,414045
50,23068,22170,21290
50,229363,228190,227265
50,119490,119571,118918
50,10591,9999,9302
50,19746,19300,20204
50,32899,33715,33349
50,22913,22547,22687
50,52947,59149,56985
50,83593,85810,87926
50,195085,204039,213633
50,13763,13394,12749
50,82291,81578,80142
50,41616,41028,40613
50,194656,201084,207618
50,67023,65777,63895
50,17581,16897,16522
50,11670,11145,10691
50,24484,24189,23760
50,3141,3343,3455
50,5561,5777,5729
50,291826,301142,294338
50,17013,17852,18090
50,997,951,869
50,1826,1943,2084
50,4847,4978,4940
50,97581,100933,99675
50,2508,2558,2524
50,2150,2116,2139
50,31275,32594,32098
50,55400,57014,58558
50,13477,13722,13834
50,13592,14093,13512
50,7459,7974,8236
50,1631,1667,1612
50,88995,95880,106232
50,9492,9852,10025
50,9430,9792,9795
50,7523,7725,7795
50,3815,3291,3264
50,5559,6446,6444
50,8881,8973,8641
50,968,1026,1167
50,7029,6986,6892
50,9636,9781,9220
50,2369,2448,2521
50,662,651,602
50,5588,5560,5409
50,71518,72322,71545
50,131346,129578,124864
50,134421,136699,141001
50,53597,53005,53578
50,37220,37433,37481
50,8437,8916,9443
50,20489,20522,20706
50,3817117,4017723,4327184
50,200186,203126,207017
50,107449,107135,109079
50,980263,997127,1026391
50,375770,385398,431564
50,47420,46939,46566
50,211033,214421,228082
50,195751,202420,209507
50,19019,18755,17872
50,21853,21278,20311
50,41513,40983,41308
50,221339,239461,266585
50,36903,37328,37459
50,11508,11120,10813
50,5368,5192,5201
50,27446,27791,27865
50,11800,11362,10647
50,22995,22582,22184
50,16083,15484,14865
50,25970,25625,25059
50,8689,8515,8162
50,24552,24284,23695
50,21273,21088,20810
50,96443,101653,107188
50,61948,61667,62894
50,50902,49739,48716
50,17870,17521,16792
50,8116,7892,7307
50,13008,12502,11743
50,18509,18686,18370
50,113237,119176,123530
50,18125,17915,17809
50,12245,12170,12131
50,96024,97654,98327
50,17853,18046,18103
50,42090,43160,44993
50,22609,22420,21876
50,32923,33528,33606
50,13789,13543,13365
50,36647,36885,37391
50,13696,13411,13666
50,17997,17729,17017
50,77435,73191,69238
50,25540,25932,26401
50,7645,7284,6797
50,17415,17054,16571
50,10424,10010,9127
50,14134,14063,13475
50,13171,12733,12373
50,22353,22031,21739
50,68356,70742,72778
50,15717,15679,16299
50,16653,16444,16429
50,43462,43402,43736
50,46480,44695,42112
50,8149,7690,7013
50,9487,9252,8890
50,8997,8772,8309
50,8330,8042,7815
50,26120,24948,23817
50,10445,10335,10346
50,21757,20437,18599
50,11291,11121,10735
50,24583,24187,24071
50,20662,20342,20147
50,61754,62588,63634
50,8715,8375,8248
50,382748,391512,393280
50,17969,17625,17665
50,28258,27508,25997
50,107118,113348,119520
50,11233,10934,10369
50,8195,7991,7927
50,125744,127173,127786
50,17058,17356,17103
50,17264,17043,17147
50,12394,12423,12520
50,41639,40604,39460
50,17295,16985,16552
50,203065,216000,232732
50,77076,78567,78844
50,7260,7018,6575
50,22185,21819,21509
50,1510271,1579593,1660196
50,1175,1128,1111
50,38091,36620,38529
50,220000,221641,228696
50,45578,44655,45681
50,21419,21250,21579
50,1049025,1093401,1145535
50,28610,27816,27351
50,181058,181481,188679
50,930450,951514,985238
50,28122,27809,27926
50,134623,134403,136507
50,174528,176438,181649
50,18546,18357,17868
50,839631,862000,887356
50,152982,150337,149665
50,64665,63796,64111
50,34895,32129,30920
50,9818605,9992484,10103711
50,150865,151370,155423
50,252409,258409,259749
50,18251,17809,17414
50,87841,87054,87576
50,255793,262026,271096
50,9686,9145,8876
50,14202,14067,14354
50,415057,426712,434534
50,136484,139580,139878
50,98764,97938,99367
50,3010232,3104950,3174289
50,348432,365398,385115
50,20007,18895,18660
50,2189641,2286755,2414964
50,1418788,1457341,1527301
50,55269,57239,60164
50,2035210,2082738,2150945
50,3095313,3209768,3321237
50,805235,839572,878040
50,685306,702046,743296
50,269637,275696,282481
50,718451,748661,768901
50,423895,434601,445298
50,1781642,1866425,1932510
50,262382,268816,274856
50,177223,178397,179384
50,3240,3028,3002
50,44900,43532,43622
50,413344,423659,443511
50,483878,494073,502469
50,514453,523451,544717
50,94737,94507,96204
50,63463,62875,63847
50,13786,13427,12726
50,442179,452460,462308
50,55365,53997,53976
50,823318,838136,849044
50,200849,206292,218477
50,72155,73090,76578
50,441603,469978,503590
50,15445,15787,16108
50,572003,608467,644478
50,12084,12216,13295
50,3788,3656,3554
50,6499,5761,5827
50,294567,309323,322441
50,55889,60149,68263
50,17809,18355,19666
50,1836,1879,1853
50,9088,9024,9574
50,8256,8199,8139
50,3524,3541,3756
50,5823,5346,5840
50,4255,4261,4857
50,30952,30338,30519
50,600158,649391,704961
50,2064,2033,2045
50,285465,306234,335816
50,52197,52816,54929
50,23086,23541,25765
50,622263,655209,700099
50,46824,46332,47548
50,56389,56938,59032
50,5441,5530,6018
50,14843,14312,15364
50,15324,15575,16863
50,843,804,791
50,6711,6460,6628
50,1394,1336,1375
50,534543,552031,575417
50,1398,1392,1365
50,8270,8245,7137
50,7310,7263,7750
50,51334,53368,55563
50,299630,316225,344084
50,15507,14396,14201
50,5467,5435,5523
50,22709,22174,22317
50,146723,147175,151170
50,712,732,753
50,13795,13126,13088
50,25535,25542,26112
50,41276,40549,41753
50,28159,28223,28295
50,18831,18452,18345
50,4436,4552,4813
50,16206,16184,17894
50,4442,4383,4288
50,17148,17460,17973
50,12551,12317,11998
50,159063,161033,166283
50,6666,6693,6352
50,11982,11676,11297
50,23509,23599,25171
50,6108,6242,6633
50,699,692,712
50,7359,7621,8034
50,2379,2340,2311
50,27994,28728,30820
50,23350,23356,24674
50,4814,4743,4921
50,252825,270165,305885
50,10043,10132,9959
50,916829,939924,943038
50,894014,897678,893076
50,189927,186836,181667
50,165676,165329,162942
50,862477,862820,857748
50,274055,272976,267419
50,152691,151778,151009
50,118428,117500,116398
50,162310,169038,176499
50,538479,548331,555976
50,197145,206207,224348
50,601723,650581,694906
50,247336,252475,266309
50,27115,27009,28254
50,168852,174596,184736
50,28520,26802,27142
50,543376,550255,587769
50,1748066,1836600,1934516
50,14625,14578,14428
50,159978,164671,181522
50,141236,138829,145415
50,190865,195657,212228
50,321520,338987,372678
50,67531,67417,69999
50,34862,34905,37241
50,16422,16084,16615
50,864263,885943,937933
50,297619,306694,313249
50,95696,99798,109999
50,11549,11521,11724
50,46389,46087,45993
50,16939,16957,17900
50,12884,12670,13580
50,15863,15884,16105
50,14799,14342,14364
50,27731,27311,27154
50,39140,37809,41018
50,172778,173639,186704
50,98786,98077,103852
50,1229226,1304131,1426736
50,19927,19594,19427
50,138028,141895,154241
50,49746,48880,48289
50,14761,14209,14165
50,8870,8819,8602
50,297052,307973,345432
50,618754,659834,740000
50,275487,281887,290965
50,40801,39433,40276
50,8365,8357,8236
50,19224,18753,18474
50,322833,341855,385506
50,331298,335083,353339
50,146318,151126,159701
50,2496435,2609692,2713295
50,73090,75813,76483
50,73314,75384,82925
50,180822,192688,203478
50,39996,39482,41275
50,1145956,1227435,1355921
50,268685,299238,353623
50,1320134,1376462,1470344
50,464697,474352,525141
50,916542,928414,968341
50,602095,622633,685368
50,74364,72370,73384
50,190039,209439,243693
50,277789,285299,313163
50,151372,160392,174049
50,379448,389941,419680
50,422718,435503,462801
50,93420,106898,124995
50,41551,43588,44124
50,22570,22873,21781
50,15535,15160,15448
50,494593,500438,537868
50,30776,31004,32050
50,55043,59193,68021
50,24896,24504,24546
50,18236,18370,18438
50,8375,8264,8182
50,11096,11173,11205
50,3451,3348,3159
50,45720,46178,44963
50,18395,18221,18628
50,69367,71239,78899
50,100157,100917,105098
50,17634,17450,17037
50,19286,19059,19108
50,155547,155031,152840
50,13063,12744,12764
50,18411,18257,18832
50,16243,15649,15617
50,30233,33034,36999
50,70217,71816,75991
50,23316,22824,22545
50,23655,23218,24067
50,6694,6596,6389
50,50513,51404,53005
50,10998,10960,10706
50,110527,112265,117390
50,63942,65221,66495
50,12171,13107,12810
50,265128,277650,289309
50,11267,12245,10205
50,26015,25049,24746
50,214346,224314,247763
50,116714,120888,126815
50,3183,3015,2955
50,259424,264015,284184
50,6798,6758,6643
50,688078,716017,752649
50,42356,43078,42880
50,45498,46126,45480
50,124053,136141,151529
50,17212,17051,17213
50,127317,132944,143153
50,12630,12483,12263
50,23439,23298,22710
50,16633,16453,16254
50,22330,22732,24406
50,27842,27391,26706
50,691893,717740,751176
50,21796,21429,20749
50,14918,14372,13691
50,94565,93411,89457
50,132403,136024,143376
50,11008,10540,10317
50,4034,3993,3914
50,52250,54419,60086
50,20166,19490,19102
50,22598,22631,22533
50,11000,10794,10741
50,23682,23831,25332
50,106567,108054,112553
50,96317,95880,97500
50,175511,193801,228940
50,22084,22045,22864
50,920581,981472,1038938
50,28292,28717,30443
50,3082,3060,3032
50,79626,81497,84675
50,55186,55761,57164
50,25011,25101,24773
50,15994,16243,17203
50,805321,853459,918186
50,43041,43154,44535
50,179684,186431,198953
50,9429,8952,8539
50,28780,28335,29248
50,32024,32532,33943
50,25213,25456,25710
50,11834,11564,11751
50,203922,210012,225182
50,139900,147527,153202
50,9538,9345,9352
50,60485,61268,67644
50,13900,13597,13882
50,15068,15042,15039
50,16930,16240,15630
50,8340,9194,8813
50,9980,9900,9737
50,28669,28576,28466
50,18317,17929,18600
50,10078,10412,10425
50,48434,47733,47376
50,28298,29039,29410
50,63453,62341,61619
50,7996,7734,7856
50,14464,16484,18780
50,109233,112883,115404
50,29966,30873,32801
50,21875,21499,21511
50,14333,14027,14080
50,14740,13976,13254
50,28120,28202,29295
50,8742,8580,8403
50,21992,21217,21021
50,6125,5899,5813
50,23498,22992,22317
50,26424,26619,27163
50,9123,8957,9024
50,17868,17682,18373
50,39628,39178,39803
50,189885,203225,193836
50,99958,102040,107846
50,32808,34077,38122
50,14899,14423,14874
50,142324,146753,159509
50,27695,27162,26961
50,29431,29387,31541
50,18758,19017,19197
50,17869,17774,18204
50,41475,40977,41818
50,12010,11563,11181
50,21218,21280,21692
50,2513,2367,2333
50,16276,16184,16545
50,7719,7201,6969
50,200549,201335,201673
50,85215,86480,89843
50,5010,5095,5235
50,14593,14145,13956
50,8729,8848,8253
50,64073,63508,65358
50,26175,25551,25736
50,6058,5559,6314
50,32819,31335,29901
50,6865,6554,6256
50,1717,1690,1613
50,25520,25635,25409
50,8906,8380,8110
50,16500,16633,15929
50,9315,9165,8695
50,44720,44770,44619
50,40118,40180,40431
50,27223,27189,26859
50,10471,10787,11553
50,6885,6687,6746
50,67044,68801,70062
50,8930,8206,7895
50,9023,8516,8253
50,21356,21424,23376
50,27153,26421,26201
50,68756,68594,68999
50,83768,86041,91296
50,36312,35743,35668
50,5834,5518,5265
50,21187,20573,20311
50,30099,29990,29797
50,2799,2669,2589
50,7421,7935,7960
50,27144,27830,29445
50,102599,102728,104234
50,9255,9061,8791
50,10593,9920,9860
50,9563,9363,8954
50,21679,21052,20528
50,185079,191459,199981
50,953207,986059,986353
50,90,89,86
50,67091,69632,71827
50,154834,161004,166146
50,392365,415951,456548
50,3976,3863,4127
50,82839,83455,85482
50,5986,5948,6023
50,9285,9030,9157
50,45607,45423,45884
50,21376,21325,22373
50,7028,6720,7347
50,40877,40525,43654
50,104234,107369,114488
50,10972,10853,11965
50,2891,2667,2585
50,1117,1043,1096
50,188923,198590,216858
50,6963,6787,6973
50,22952,23344,23650
50,982,879,879
50,8761,8568,8646
50,4368,4225,4135
50,27038,26267,26881
50,12786,12802,13467
50,13242,12872,13122
50,16719,16569,17311
50,15464,15169,15121
50,16267,16249,16373
50,26140,26804,28439
50,22374,22768,23768
50,138494,143897,157320
50,37244,38220,39741
50,7936,7716,7829
50,3821,3805,3884
50,5208,5329,5376
50,37536,37527,39370
50,20069,20400,20722
50,39265,39798,40289
50,4286,4257,4389
50,11526,11394,11618
50,22623,22550,23163
50,7817,7791,7606
50,12765,12673,12519
50,10170,10399,11445
50,77230,79894,85374
50,9862,9575,10667
50,10198,9916,10051
50,67103,66999,66057
50,8238,7238,6278
50,17768,17331,16648
50,54165,53747,53513
50,6937,6864,6609
50,34978,34108,33137
50,5089,5008,4851
50,15387,14969,14475
50,13642,13293,12492
50,201081,206425,210425
50,34800,34148,33007
50,16335,16095,15812
50,13815,13554,13270
50,37762,37731,37645
50,53873,53053,51353
50,5194675,5252875,5200821
50,19817,19435,18975
50,11048,10904,10880
50,105160,104202,104309
50,16561,16373,15906
50,19980,19861,19629
50,916924,932231,930265
50,18576,17941,17390
50,6721,6687,6448
50,34242,34217,34123
50,22140,22195,21514
50,14081,13672,13298
50,39561,39555,38995
50,37069,36323,35104
50,5589,5386,5071
50,13886,13633,13156
50,50063,50187,50622
50,8457,8348,8181
50,19104,18544,17958
50,4320,4177,3922
50,7331,6963,6819
50,50486,49917,49219
50,29718,28940,27777
50,60218,59760,57904
50,9698,9607,9523
50,38827,38641,38045
50,22985,22599,21912
50,22678,22399,21495
50,12582,12867,12399
50,515269,522626,532272
50,113449,112735,110540
50,114736,119566,126152
50,52919,52129,50577
50,703462,704207,702475
50,113924,112430,109622
50,16833,16728,16027
50,36031,35121,34540
50,38950,37394,36124
50,30305,29826,29034
50,32612,32253,30373
50,308760,307605,307815
50,169572,175037,172754
50,110768,109561,105399
50,47765,46680,45505
50,269282,267268,265251
50,39437,38669,37726
50,12640,12128,11668
50,14666,14144,13677
50,15429,14847,14291
50,12705,12572,12293
50,16434,16075,15608
50,32957,33457,34179
50,30104,29362,28781
50,35547,35000,34245
50,14846,14796,14701
50,53497,52266,50993
50,186494,188643,182525
50,22350,21714,21281
50,16729,16429,16422
50,16430,16071,15668
50,4470,4457,4183
50,6161,5893,5520
50,6006,5855,5694
50,33476,33175,32297
50,16233,16008,15837
50,147546,147650,143828
50,270056,266831,262600
50,24913,24803,23963
50,197465,199141,197072
50,7544,7392,6948
50,5355,5211,4983
50,22363,22137,21774
50,5994,5705,5457
50,47711,46671,44997
50,135394,136266,133489
50,17808,17539,16968
50,81625,80585,77689
50,11947,11671,11523
50,17707,17662,17144
50,14716,14414,13963
50,16760,16664,16412
50,14665,14434,13903
50,58498,57468,55955
50,677560,683734,690479
50,66357,67450,67049
50,295266,290945,284681
50,38664,39027,38670
50,34387,34644,35385
50,355329,363355,371723
50,76794,79655,82213
50,8854,8748,8631
50,12766,12461,12028
50,56640,60346,65723
50,15242,15055,15010
50,20155,20113,20067
50,38966,38585,37828
50,110232,112688,116545
50,26890,26662,26167
50,33224,32766,32195
50,10713,10620,10535
50,31648,32282,33136
50,50047,49739,49564
50,25740,26236,26620
50,42223,42369,42806
50,117671,116831,115246
50,41889,42275,42538
50,197559,200205,204194
50,24277,23826,23154
50,74578,76018,77006
50,17240,16882,16419
50,23087,22970,22694
50,20836,20449,19995
50,33503,33484,33721
50,70061,68845,66305
50,33165,32741,32172
50,274569,296858,322933
50,70002,70980,74998
50,39364,39000,39777
50,145448,153555,163622
50,49462,48843,48170
50,82752,82738,82210
50,37124,36777,36222
50,42376,43437,43955
50,33478,33423,33424
50,21253,21270,20883
50,32428,32390,32013
50,28525,28227,27652
50,139654,145410,153820
50,38440,38055,37044
50,77358,77865,79026
50,37128,38089,39248
50,496005,491732,484601
50,111467,111423,109842
50,46134,45896,45592
50,131636,130303,129418
50,903393,929922,950537
50,47051,46910,46433
50,10334,10233,10181
50,36903,36167,35864
50,137974,142068,146638
50,38124,38137,38343
50,68894,69344,69793
50,14244,14028,14027
50,47536,47240,47329
50,6128,5986,5854
50,19840,19835,19423
50,21575,21153,20791
50,17339,17237,16907
50,19338,19417,18978
50,12845,12495,12315
50,164343,166478,168495
50,25910,25561,25569
50,13402,12939,12529
50,37963,37494,37363
50,26171,25617,24907
50,28818,28296,28428
50,17392,16996,16643
50,266931,267054,270057
50,24181,23755,23793
50,44436,44333,44367
50,20952,20762,20440
50,23363,23139,22935
50,34185,34371,34384
50,21475,21138,20700
50,10613,10598,10686
50,172780,181953,191199
50,15936,15544,15137
50,7516,7307,7159
50,179703,181580,180954
50,16212,15852,15503
50,107848,108200,107569
50,32888,32269,31380
50,8508,8369,8204
50,59689,60852,62401
50,28262,27779,27771
50,68917,67785,66179
50,27636,27715,27958
50,24643,24401,24163
50,33292,33283,33722
50,7682,7387,7051
50,4029,3891,3657
50,14330,14071,13803
50,12887,12654,12353
50,6119,5863,5550
50,26076,25699,25656
50,131090,132933,132238
50,26306,26284,26443
50,24276,24579,24823
50,20958,21026,21126
50,20260,20649,20144
50,14867,14975,14592
50,9670,9898,9729
50,20816,20541,20274
50,13956,13572,13144
50,18499,18226,18490
50,44151,43528,42999
50,12072,11874,11307
50,12439,12274,12002
50,9286,9245,9396
50,16667,16438,16141
50,18129,17793,17648
50,49116,48281,46874
50,17096,17360,17076
50,66135,74949,87208
50,8753,8769,8969
50,8457,8216,7947
50,17764,17473,17143
50,40325,40395,39326
50,16667,16878,17141
50,93653,95945,97066
50,10302,9880,9422
50,20880,20519,19687
50,16303,16023,15767
50,10680,10507,10160
50,7441,7069,6930
50,9336,9159,8954
50,12453,12341,12298
50,10954,10671,10645
50,15673,15343,15032
50,11341,11131,10756
50,17534,17388,17073
50,14928,14357,14107
50,20145,20021,20044
50,9566,9439,9229
50,9815,9677,9569
50,7089,7074,6869
50,16355,16281,16133
50,19848,19517,19382
50,36842,36728,36995
50,16843,17629,18219
50,130882,140151,149325
50,20638,20519,20618
50,10511,10337,10141
50,15543,15332,14939
50,35862,35236,34216
50,211226,216488,224379
50,11387,11348,11195
50,8898,8697,8533
50,11581,11695,11785
50,15679,15483,16000
50,22381,22421,22211
50,33309,33014,33091
50,40648,40995,40078
50,15059,14905,15060
50,10776,10669,10563
50,9243,9032,8724
50,7970,7979,7798
50,10740,10404,10112
50,42745,43010,42872
50,14398,14045,13774
50,6462,6236,6021
50,15932,15516,15213
50,9421,9164,9052
50,24986,24931,25060
50,7310,7112,6833
50,430640,452657,480487
50,93158,92855,93416
50,18914,18606,18334
50,5131,4971,5024
50,10350,10030,9803
50,165224,170201,172448
50,12167,11899,11574
50,33704,34503,34781
50,89542,93877,97278
50,17767,17430,17029
50,6317,6233,6095
50,12534,12616,12459
50,7570,7434,7155
50,35625,35507,35022
50,46225,47358,50078
50,21704,21944,22204
50,6403,6385,6492
50,38013,37327,36637
50,10866,10430,10573
50,21056,20840,20129
50,102172,102284,102132
50,7598,7489,7455
50,13229,12982,12765
50,13371,13069,12555
50,8102,7854,7833
50,16924,16688,16298
50,4861,4909,4570
50,27674,27443,26394
50,15173,14835,14609
50,9984,9912,9609
50,65880,65671,66845
50,2790,2690,2651
50,3669,3529,3315
50,21603,20899,20129
50,2726,2671,2684
50,2215,2178,1995
50,8535,8388,8006
50,9533,9355,8912
50,8601,8377,8228
50,1891,1926,1759
50,36311,36170,35297
50,39134,39250,38925
50,2961,2908,2863
50,19754,19433,18829
50,7945,7876,7657
50,110826,114713,120281
50,3037,2967,2873
50,2882,2633,2514
50,28452,29030,28735
50,6497,6365,6284
50,36776,37073,36720
50,33848,34879,34218
50,25992,25734,25631
50,34362,36797,33774
50,2695,2794,2622
50,2597,2588,2485
50,7829,7846,7490
50,6006,5980,6018
50,1247,1283,1226
50,6689,6358,6067
50,2690,2620,2616
50,6034,5842,5580
50,34684,34715,34373
50,4256,4126,4019
50,1916,1924,1863
50,13462,13310,13332
50,19126,18773,18932
50,3077,3060,2857
50,544179,566351,591305
50,3977,3912,3935
50,7858,7801,7275
50,2553,2534,2486
50,21607,20871,20129
50,1750,1698,1548
50,76227,78082,81109
50,3241,3161,3043
50,9656,9543,9697
50,2756,2775,2814
50,33690,33479,33257
50,29180,29415,28687
50,12660,12205,11945
50,10117,9973,9687
50,4575,4286,4230
50,32787,32834,33429
50,6373,6309,6137
50,35471,34444,32390
50,5923,5719,5467
50,3233,3116,2747
50,10178,10092,10060
50,16512,16383,16094
50,3107,3087,2856
50,5671,5614,5421
50,16295,16080,15842
50,3858,3800,3539
50,6091,6044,5817
50,6973,6863,6665
50,5642,5560,5370
50,21604,22574,23916
50,9656,9778,9500
50,2519,2563,2473
50,64511,64079,62714
50,4980,4767,4654
50,10083,9978,9563
50,71115,76923,73977
50,5181,5195,5055
50,3307,3176,3048
50,6970,6977,6930
50,55606,55750,54508
50,4936,4906,4928
50,498365,506442,513176
50,22952,23311,22245
50,177934,178650,178056
50,2556,2500,2526
50,6010,6090,5936
50,3853,3699,3615
50,4437,4339,4186
50,2235,2178,2055
50,5724,5808,5551
50,24132,23537,23117
50,7900,7933,7821
50,3001,2945,2843
50,7053,7025,6832
50,1485,1560,1515
50,5799,5626,5479
50,2234,2192,2121
50,9409,9091,8707
50,3309,3215,3130
50,157505,160933,165087
50,18656,19124,19287
50,19956,20316,20903
50,21421,21747,22545
50,8249,8252,8018
50,42173,42937,43746
50,11591,11975,12381
50,28691,28031,26863
50,118811,125022,130952
50,19985,20026,20092
50,49542,48880,47808
50,28432,29632,29972
50,8488,8423,8285
50,13878,13527,12929
50,20059,20042,20131
50,74319,76878,80269
50,12690,12704,12778
50,12984,12887,12666
50,37191,38425,38832
50,90336,91423,92878
50,5104,4959,4788
50,10811,10838,10714
50,27720,27600,27214
50,15955,16011,15818
50,73955,73612,71024
50,35613,35550,35899
50,21730,21186,20251
50,10272,10175,10212
50,9315,9178,8999
50,6856,6790,6710
50,96656,98294,100461
50,12161,12058,12226
50,7852,7551,7493
50,14672,14482,14178
50,295803,309865,321964
50,14348,14536,14439
50,39451,38474,36296
50,49285,49478,50492
50,6813,6389,6163
50,8589,8578,8720
50,16912,16992,17449
50,24662,24565,24973
50,37121,37406,37190
50,25746,25948,26286
50,11258,11154,11036
50,36910,36483,35514
50,8565,8626,8778
50,105543,108969,108161
50,29278,28489,26676
50,18846,18571,18735
50,18199,18464,18745
50,46250,46338,45867
50,15416,15432,15972
50,4902,4708,4518
50,46920,46424,45293
50,13494,13391,13422
50,741096,759183,769828
50,48586,50120,53259
50,23356,23458,22606
50,159720,163131,165608
50,16346,16092,15244
50,31883,31638,31444
50,14193,14019,14196
50,58849,59701,60317
50,15860,15901,15756
50,7887,6876,6602
50,11310,10985,10310
50,24519,23540,22303
50,13870,13751,13363
50,24742,24438,24495
50,9519,9332,9249
50,26835,26976,27003
50,8314,8452,8261
50,65565,65337,65364
50,18306,17925,17372
50,9531,9453,9216
50,82916,85934,91170
50,13333,12941,12519
50,19820,19928,19276
50,31448,31215,31318
50,12929,12651,11492
50,17490,17323,17192
50,28602,29240,28033
50,6306,6341,6465
50,21331,21291,21542
50,10099,9960,10093
50,10963,10715,10597
50,26499,27229,27913
50,13923,13362,13230
50,31499,31323,30925
50,43437,44540,45591
50,7135,7008,7160
50,23842,23975,24116
50,60316,63062,66557
50,10841,10645,10794
50,4755,4599,4402
50,14877,14565,14602
50,28712,27982,26586
50,65024,63853,58905
50,12613,12470,12297
50,63063,63793,64314
50,2282,2214,2120
50,17056,16742,16778
50,23333,24210,24514
50,17565,17749,17723
50,47173,50000,54782
50,42074,44460,47209
50,17327,17681,18046
50,17061,17678,18619
50,24512,25159,25544
50,12460,12475,12177
50,14339,14300,14418
50,8809,8805,8521
50,15007,15061,14620
50,113792,119575,129074
50,11717,11849,11880
50,20813,20782,20628
50,13621,13357,13012
50,35637,35870,36074
50,7355,7279,7248
50,24939,25345,26385
50,61773,62299,62559
50,25764,25664,25583
50,107215,114636,123177
50,23421,23199,22568
50,42073,41275,40836
50,35654,36260,36847
50,14353,13961,13631
50,116979,124021,126959
50,254969,255127,245935
50,192768,195492,202466
50,10132,9984,9959
50,6839,6713,6944
50,10407,10251,9830
50,17195,16662,15953
50,20822,20500,19846
50,26656,27089,27267
50,440171,444181,444511
50,7759,7500,7111
50,20267,19601,19380
50,33984,33827,33663
50,20767,20508,20256
50,22309,22301,22296
50,73240,73839,71982
50,33387,33385,32906
50,16274,16130,15898
50,432552,434264,436126
50,31594,31295,31480
50,221578,231471,241756
50,96318,97276,98123
50,14890,14821,14887
50,46735,47233,47471
50,128026,133668,137712
50,12093,11908,11342
50,27979,26938,25655
50,39566,39118,39042
50,343829,378637,391493
50,153720,156062,155841
50,23042,23509,23348
50,22802,22429,22164
50,131613,132322,131253
50,9091,8957,8527
50,20725,20913,20413
50,24233,24261,23909
50,35897,43430,46110
50,52780,52614,52620
50,11203,10771,10322
50,22102,21607,21380
50,45924,43570,43328
50,83384,83415,83535
50,52160,52901,54066
50,54650,53581,50708
50,233740,241953,255921
50,121097,125520,132353
50,5252,4933,4574
50,111860,112707,111823
50,22721,22454,22398
50,57999,59284,59936
50,52334,52815,49789
50,47168,46407,46649
50,41207,40660,39264
50,23788,24654,26184
50,11604,11453,10974
50,15625,15462,15371
50,15313,14849,14350
50,107702,107223,107399
50,71870,70064,67609
50,281674,285537,292181
50,30768,30477,29799
50,54418,54566,54539
50,122151,121139,121913
50,39736,39691,39759
50,34457,34087,34215
50,57833,57397,57534
50,153923,153222,151645
50,17535,17173,16804
50,35293,35021,35436
50,52228,51698,50351
50,38786,39025,39772
50,32856,32260,31374
50,197131,199429,204282
50,75087,73576,71352
50,537656,555417,571339
50,805029,822274,828645
50,88737,90444,91435
50,33066,32642,33096
50,167134,167217,167547
50,101108,101887,102394
50,146551,152645,159450
50,32618,32555,32105
50,233385,241129,250622
50,30097,29965,29242
50,244826,248890,251858
50,287085,303527,319251
50,20197,19816,19442
50,971777,1015172,1046822
50,863420,890658,909705
50,47798,48517,49586
50,105151,109224,112487
50,26470,25959,25896
50,37782,37896,37033
50,147430,148986,150169
50,98733,100850,102252
50,51454,51551,51659
50,620961,622391,610481
50,215888,214518,213581
50,131219,129488,126353
50,548285,552379,560941
50,16535,17159,17311
50,743159,764563,784453
50,71372,71361,70605
50,463490,467747,467705
50,158080,160856,161077
50,1503085,1560204,1603943
50,10172,10569,11205
50,670850,688345,700599
50,494919,502792,515461
50,722023,762488,800806
50,798552,810846,825749
50,10942,10554,10309
50,9601,9438,9144
50,111408,112009,116368
50,29598,28957,28428
50,23580,23123,23270
50,15899,15413,15014
50,8860,8718,8441
50,59173,59090,60682
50,107771,106794,104045
50,17525,17348,17624
50,156813,156129,154128
50,45248,43587,43375
50,136146,134751,134180
50,52293,51585,51481
50,25949,26252,26212
50,26152,25573,25454
50,38520,38569,37679
50,30926,30600,30565
50,75382,76809,78506
50,14074,13877,13906
50,37069,36799,35890
50,26168,26015,25424
50,107759,108264,109456
50,32694,32946,33081
50,425790,415639,407488
50,25692,25565,25241
50,16427,15908,15340
50,86986,90099,91791
50,42476,41931,40979
50,46688,46131,45820
50,36628,36676,36198
50,33118,32256,31306
50,280895,284113,292018
50,63905,63991,64284
50,25887,25427,25128
50,11817,11500,11105
50,70311,70224,71077
50,160248,159628,158563
50,250331,257311,262998
50,17153,17290,17571
50,602622,624303,649278
50,2156,2142,2085
50,11539,11396,11981
50,88319,88291,88122
50,21708,21478,21645
50,99892,98822,98427
50,180967,184205,189869
50,6631,6503,6370
50,11113,11007,10768
50,840978,857110,871364
50,24733,24481,24393
50,67077,67773,66493
50,28705,28668,28996
50,42798,43260,43258
50,24029,23725,22981
50,83629,83651,83314
50,14849,15058,15020
50,152021,150139,149449
50,63342,62794,63527
50,9765,9378,9233
50,172188,172273,173645
50,48460,47869,48320
50,1202362,1235468,1256016
50,26570,26298,26422
50,21699,21160,20882
50,6780,6321,5889
50,23528,23322,23267
50,8640,8369,8238
50,24164,24078,24528
50,263801,274385,286581
50,13376,13010,12742
50,24449,24023,23731
50,200169,196794,191965
50,163040,160288,159005
50,61295,60989,60710
50,43114,41901,41242
50,8485,8263,8013
50,70648,68903,68400
50,55729,54216,52815
50,76258,75318,75303
50,344791,356040,368807
50,1820584,1780225,1757217
50,32735,32479,33234
50,16202,15872,15792
50,330844,339075,350203
50,32504,33181,34082
50,44442,45487,46477
50,38451,38975,40135
50,5269,5069,5004
50,64013,64737,66916
50,25893,25267,25172
50,35386,35275,35509
50,91042,95610,102118
50,28567,28485,29324
50,12441,12071,11944
50,53887,53660,55257
50,58999,60523,63766
50,8695,8783,8845
50,5176,5186,5411
50,11687,11554,11249
50,62500,62998,64278
50,398552,407895,421518
50,20087,20334,20696
50,36009,36349,37520
50,14553,14099,13768
50,20866,20751,20980
50,31255,30923,30582
50,46183,46106,46307
50,6018,5956,5916
50,1152425,1198069,1247847
50,19027,18774,18677
50,20428,20697,20965
50,37816,38064,39543
50,45058,45335,45088
50,10266,10281,9965
50,16239,16008,16060
50,42239,42450,42778
50,4552,4498,4261
50,13311,13088,12506
50,7259,7005,6683
50,10866,10706,10493
50,4045,3910,3727
50,27703,27705,28210
50,5896,5755,5665
50,25857,25722,25929
50,36651,35900,35876
50,5413,5468,5567
50,9439,9430,9361
50,20840,20422,19866
50,23300,23087,23047
50,26097,25658,25861
50,33198,32865,33084
50,39163,39330,39773
50,8725,8507,8332
50,32727,32981,34052
50,21378,21797,21671
50,6852,6596,6589
50,144248,148851,154727
50,57303,57492,58219
50,13930,14139,14178
50,29750,29076,29159
50,9596,9302,9157
50,31600,31639,31637
50,10995,10879,10988
50,508640,527131,544886
50,4089,4031,4009
50,16059,15685,15244
50,15730,15069,14693
50,64142,64639,66196
50,9687,9428,9459
50,15629,15497,15305
50,200226,200452,199778
50,129928,137244,145535
50,88499,90069,94476
50,15226,15055,14899
50,150642,152577,158301
50,36576,36363,36787
50,9726,9747,9706
50,9783,9552,9387
50,24895,24488,24526
50,3558,3402,3304
50,21676,21566,21590
50,13843,13641,13647
50,19136,19036,18713
50,238136,245946,255464
50,11211,11049,10934
50,6576,6496,6322
50,51461,51332,50718
50,124700,128199,134205
50,10438,10078,9836
50,32297,32111,31462
50,37057,37281,37165
50,13131,12856,12448
50,19564,19110,18467
50,8729,8493,8255
50,34145,33979,31718
50,14962,14708,14508
50,10597,10323,10094
50,17392,17384,17144
50,8547,8461,8240
50,9604,9143,9026
50,16732,16417,15805
50,20634,20355,19621
50,26151,25182,23214
50,29449,28941,28528
50,19568,19208,19014
50,161252,168370,179005
50,74934,76584,75155
50,8118,7876,7754
50,22578,23213,23951
50,14400,14288,13529
50,21906,21529,21037
50,43929,45522,46949
50,187105,196134,204966
50,245285,246250,239929
50,19198,18802,17849
50,9375,8963,8333
50,1406,1406,1341
50,23401,23373,23499
50,139668,140324,142246
50,17062,16496,16574
50,7726,7655,7227
50,12487,11944,11284
50,67761,68954,68364
50,10456,10294,10093
50,47351,51565,54178
50,55658,59170,61536
50,80261,80228,76309
50,12929,12597,12629
50,23805,23267,22819
50,82910,84970,85071
50,32317,30746,29292
50,34869,34725,34340
50,59779,59803,59147
50,95203,99485,104584
50,27088,26055,25108
50,37144,36457,35590
50,36989,36148,35851
50,10925,10579,10143
50,29676,29533,29435
50,21720,21518,21396
50,11545,11055,10711
50,47671,49105,49678
50,34707,34395,34158
50,55834,54833,55255
50,12250,12009,12014
50,40404,39939,39510
50,29957,30667,31709
50,25276,25467,25215
50,8223,7818,7208
50,141617,147321,152904
50,28264,28328,28436
50,4916,4677,4415
50,27503,27531,26905
50,16491,16229,16073
50,17786,17960,18593
50,29450,27906,26142
50,15378,14942,14094
50,28886,28347,28581
50,22232,21999,21953
50,19593,19504,19518
50,10778,10454,9984
50,27134,27771,28486
50,15443,14852,14505
50,48773,48289,46682
50,51137,49661,46197
50,20747,20461,20430
50,10253,9947,9732
50,9878,9340,8855
50,19198,18757,18237
50,12678,12377,12449
50,28065,27995,28659
50,25607,25703,25429
50,17291,17305,17474
50,5685,5422,5243
50,25529,25545,25590
50,35597,35331,35631
50,12402,12175,11793
50,17049,16428,16293
50,19056,18941,19072
50,12363,12481,12280
50,162642,170975,178012
50,89201,89826,88660
50,42794,42961,42618
50,9424,9040,9059
50,44332,44528,44982
50,44002,44294,45473
50,75674,77458,78261
50,9295,9055,8779
50,6265,6343,6179
50,99478,100676,103477
50,13982,13773,14070
50,7831,7634,7457
50,77422,80621,85392
50,7139,6898,6720
50,221939,230306,242527
50,20743,20562,20551
50,75990,76722,76632
50,17601,17610,17647
50,24696,24530,24107
50,7883,7531,7586
50,16777,16458,16699
50,8433,8300,8358
50,12892,12628,12532
50,15657,15742,15497
50,13684,13440,13276
50,31953,31724,30121
50,101492,101712,103315
50,15222,14806,14683
50,6738,6736,6634
50,275174,283605,289512
50,10261,10346,9991
50,8957,8710,8506
50,22272,22116,21695
50,9627,9347,9395
50,4912,4591,4407
50,10144,10239,10066
50,40400,40236,40074
50,10630,10461,10181
50,674158,679841,698072
50,117404,116766,120048
50,218733,220870,223769
50,52595,54139,53735
50,4131,4060,3970
50,35571,35654,35418
50,33381,32823,32579
50,38634,38104,38256
50,10211,10111,9952
50,52566,53785,56045
50,12761,12330,12168
50,15195,14874,15157
50,23083,22629,22722
50,15566,15475,15262
50,12226,12270,12230
50,9176,9037,8790
50,28781,28769,28585
50,3785,3664,3656
50,24748,24812,25202
50,14358,14174,13594
50,15607,15742,16047
50,8840,8770,8596
50,12236,11847,11378
50,20565,20122,20162
50,18956,18316,17544
50,58114,58378,58191
50,23370,23151,22401
50,10881,10927,10553
50,13878,13677,13658
50,9723,9503,9227
50,18296,17774,16783
50,18971,19053,19262
50,42201,42196,42445
50,45156,45006,44551
50,18516,18608,18557
50,89322,93367,101141
50,31137,31117,31742
50,52274,54077,51862
50,4979,4884,4778
50,10167,10164,10226
50,25414,24945,24899
50,23494,23064,22877
50,6696,6454,6260
50,14100,13985,13565
50,360485,374288,395130
50,9805,9487,9365
50,18145,17951,17792
50,65359,66102,66674
50,998954,1000456,996227
50,23370,23355,22910
50,4431,4370,4518
50,4843,4893,4948
50,39191,39207,38576
50,8441,8288,8235
50,6373,6152,5995
50,29968,29795,29364
50,32202,31658,31642
50,6714,6497,6212
50,51675,53255,55100
50,26008,25685,25650
50,21159,20978,20507
50,32513,32980,34448
50,25195,25144,24994
50,13521,13475,13303
50,36202,36626,38745
50,2171,2079,2041
50,18815,18333,18210
50,319294,318476,308233
50,9246,9306,9450
50,12865,13117,13483
50,6491,6637,6745
50,5612,5676,5917
50,10078,10337,10680
50,1160,1152,1223
50,81327,82194,81633
50,5813,5853,5732
50,11699,11873,11726
50,1751,1777,1722
50,8966,9381,8952
50,9298,9257,9100
50,2890,3047,3004
50,11586,11464,11281
50,90928,92935,100091
50,89513,94798,108576
50,1206,1254,1281
50,13399,13789,13732
50,884,846,817
50,3079,3069,3356
50,16096,16535,16469
50,11406,11455,11921
50,2072,2000,1945
50,28746,29121,30221
50,63395,65234,67850
50,2339,2362,2407
50,19687,19424,19556
50,1734,1715,1698
50,7691,7674,8291
50,1891,1904,1852
50,4223,4228,4235
50,109299,111900,117834
50,4538,4681,4632
50,15636,15698,16386
50,494,504,512
50,4253,4159,4113
50,6153,6216,5968
50,1743,1753,1750
50,7027,6957,6789
50,1179,1163,1099
50,40212,40668,42524
50,9746,11154,11027
50,10425,11089,11160
50,9233,9298,9205
50,11413,11310,11689
50,3384,3626,3471
50,34200,34574,34811
50,9117,9255,9419
50,3651,3658,3676
50,6073,6051,6091
50,5324,5121,4860
50,718,693,673
50,7369,7628,7402
50,2168,2123,2161
50,1017,1101,1018
50,147972,153775,159266
50,31364,31527,31808
50,6685,6472,6341
50,460,454,455
50,690,678,726
50,478,470,479
50,5505,5397,5320
50,11308,11296,10835
50,2099,2016,1955
50,3145,2958,3000
50,46102,47999,49350
50,6858,6570,6531
50,8395,8231,8032
50,25241,25295,25935
50,8852,8625,8515
50,3966,3981,3928
50,5713,5755,5790
50,9998,10067,9644
50,6542,6358,6186
50,10515,10454,10700
50,9139,9010,8947
50,10939,10828,10869
50,21006,20765,20010
50,9182,9062,8888
50,24326,24016,23657
50,1941,1920,1861
50,6000,5815,5746
50,36691,36497,36789
50,517110,536734,560733
50,2008,1955,1783
50,5890,5637,5561
50,3225,3063,2974
50,2756,2716,2623
50,4959,4830,4763
50,22311,21767,21621
50,2057,1923,1890
50,2049,2022,1986
50,2044,2017,2028
50,614,633,649
50,2538,2483,2363
50,58607,60485,61201
50,9124,9122,9194
50,3423,3488,3415
50,967,947,893
50,2908,2853,2806
50,10435,10380,10182
50,736,731,666
50,6274,6337,6396
50,7547,7512,7176
50,5217,5167,5169
50,6489,6486,6492
50,8368,8158,8070
50,824,790,790
50,3821,3694,3568
50,8701,8552,8439
50,285407,297109,313772
50,36288,35936,35265
50,763,777,765
50,632,587,604
50,539,528,493
50,34876,35147,35132
50,7845,7830,7859
50,5042,4925,4796
50,3735,3558,3561
50,7248,7149,6957
50,4500,4384,4269
50,15740,15688,15956
50,2773,2750,2621
50,2970,2891,2886
50,9188,9179,9050
50,7266,7180,7093
50,32237,32595,33231
50,5406,5242,5309
50,11055,11053,10760
50,8363,8131,7971
50,1526,1440,1420
50,14200,14299,14365
50,158840,168990,181376
50,20780,20877,21032
50,36970,36853,36160
50,16750,16994,17203
50,5469,5208,5268
50,3152,3061,3074
50,1311,1330,1195
50,6129,6087,5974
50,5228,5179,5034
50,647,705,722
50,6940,6872,7196
50,4260,4181,4227
50,20234,19851,20328
50,9595,9441,9213
50,3812,3643,3505
50,818,779,815
50,13665,13852,13762
50,24877,23927,24021
50,1951269,2017193,2181635
50,46997,46935,48030
50,48818,52334,52357
50,783,847,843
50,1987,2049,1946
50,16528,17354,16719
50,5775,6060,5579
50,5345,5267,5191
50,51980,51090,53895
50,4772,4553,4455
50,43946,42869,43977
50,6753,6842,6469
50,4010,3795,3976
50,421407,431083,456629
50,10030,10046,9651
50,55274,53726,54532
50,60088,60235,60872
50,47818,47520,48132
50,77117,76712,75963
50,33055,31949,31396
50,89118,89894,89853
50,400721,405281,413204
50,146445,147497,149830
50,295223,299456,306669
50,123143,125029,129841
50,43742,43049,43027
50,274549,274314,265498
50,905116,919951,932420
50,448734,448824,445610
50,513657,509908,506224
50,97265,95498,93129
50,156898,156098,151423
50,783969,786649,796349
50,288288,289883,290961
50,634266,657047,672826
50,128349,126376,124712
50,366513,369429,368168
50,809858,821743,827363
50,630380,626912,621990
50,492276,496030,493920
50,576567,582059,595424
50,501226,503857,504402
50,66083,64786,62883
50,323444,329047,330573
50,149265,145639,141197
50,536499,546025,554738
50,108692,106897,105715
50,662564,676326,678203
50,3725,3586,3553
50,65645,66009,65080
50,27213,27414,26921
50,13750,13068,12151
50,48376,50775,49794
50,2022,1928,1805
50,209233,214288,216174
50,53829,55662,57108
50,29514,29104,27642
50,4687,4531,4410
50,695,691,684
50,4894,4624,4298
50,64727,68613,69046
50,20497,19976,19468
50,17950,17947,18742
50,25095,24592,24100
50,71492,72665,72423
50,4881,4695,4530
50,63797,66304,66121
50,9041,8675,8299
50,40246,40064,39235
50,19846,20021,18900
50,131561,136311,142689
50,130044,129467,126917
50,29393,28819,27715
50,144170,147465,149491
50,11988,11524,11064
50,17866,17509,16832
50,32937,32957,32790
50,16383,15825,15535
50,4549,4347,4180
50,76569,76491,75884
50,304204,306589,307717
50,48946,47900,46639
50,1385108,1421928,1440625
50,200600,197914,193100
50,80317,78996,77176
50,80026,79088,77457
50,134905,132852,128372
50,88830,88199,84736
50,50477,49477,47805
50,82128,81523,80531
50,63096,62170,60338
50,49336,48905,47815
50,47980,46803,45028
50,297488,296268,293545
50,919040,920869,919034
50,39370,38601,37487
50,51599,51212,50465
50,55531,54345,53802
50,60079,59112,57798
50,49221,48308,47442
50,4836,4766,4471
50,64519,63883,62163
50,116229,118490,113157
50,2504700,2587684,2594676
50,27087,27098,26605
50,65393,64627,63483
50,73442,72457,70942
50,744344,748290,742724
50,50219,49743,49163
50,1339532,1352193,1357293
50,1585873,1627491,1630698
50,216469,214105,210848
50,234878,233347,230011
50,467026,468146,461795
50,107931,109044,109538
50,372813,374320,379758
50,42883,42229,40786
50,122109,121170,118427
50,62259,61614,59920
50,99710,99572,98856
50,2230722,2287185,2295808
50,159429,159545,159200
50,468730,471803,475671
50,311687,319284,324622
50,111944,111931,108699
50,219607,224087,229276
50,154727,154944,154710
50,32749,31900,31255
50,18343,18382,17913
50,35251,35250,34246
50,98990,98843,96360
50,1493350,1497346,1483358
50,77547,76945,74994
50,51125,50103,48609
50,101564,103553,102664
50,182493,180698,178635
50,65707,65083,64365
50,63216,62765,61559
50,93772,92339,90429
50,949113,964567,969689
50,42155,41359,40282
50,25348,25207,25002
50,151131,154162,163276
50,37198,37012,37143
50,11155,10903,10988
50,26948,25957,24829
50,27281,26840,26787
50,17797,17654,17517
50,47759,47382,47033
50,21282,20326,19263
50,35190,34618,33443
50,107431,114922,130859
50,238318,246807,257071
50,90912,89354,90157
50,178011,187240,206988
50,83029,82048,81933
50,9980,10116,10532
50,66469,68388,68921
50,23719,23093,22616
50,154358,154965,157852
50,63505,65243,71189
50,27444,27125,27954
50,14793,14668,14029
50,10587,10597,11004
50,98078,96873,97134
50,58098,57080,56047
50,103505,104285,102492
50,319431,332997,330994
50,23547,24253,26290
50,33920,34810,36199
50,162878,163295,165180
50,41240,41435,42308
50,58505,59328,58943
50,267587,288723,312153
50,56552,55422,52756
50,350670,360594,375840
50,60619,62074,66155
50,206086,209212,219656
50,12197,11703,11514
50,8861,8719,8524
50,59916,57762,59372
50,21362,21011,20963
50,488406,506400,528243
50,54691,53187,51311
50,114678,125028,132395
50,59036,58962,61005
50,106740,108879,115216
50,24669,24575,23923
50,46952,51155,54138
50,5810,5654,5240
50,159437,164582,175634
50,40271,41001,43224
50,168878,177227,196374
50,10153,10007,9573
50,57866,59762,60403
50,59495,58732,56622
50,78265,79111,82557
50,44996,45021,45083
50,33922,33738,34581
50,20764,21147,21563
50,24505,23637,22763
50,919628,990677,1078128
50,15579,15282,14992
50,27798,27446,27269
50,88247,91366,97368
50,95840,94421,94019
50,202667,212921,228728
50,22099,20856,19890
50,177772,192354,195066
50,133801,139397,143626
50,13144,12880,12638
50,40661,39548,39386
50,52217,54779,60719
50,13453,13634,13439
50,39464,39239,39338
50,168148,174380,178607
50,20510,20388,20564
50,141752,142308,143037
50,46639,46133,44827
50,134168,135136,132626
50,93643,91896,90791
50,138428,137690,140356
50,67810,66847,66529
50,63431,63898,63263
50,36157,35911,35174
50,60585,60633,61505
50,47401,46514,45724
50,73673,72643,72107
50,13981,13977,14263
50,33090,32827,33767
50,4407,4104,4180
50,201292,212200,231350
50,45422,44491,44281
50,900993,974198,1071706
50,20972,20600,19849
50,13228,12669,11944
50,51079,52295,55181
50,122623,124587,123034
50,69340,68609,68489
50,81234,81189,81436
50,38406,38063,37588
50,17818,17549,17697
50,2343,2391,2324
50,11066,11115,10679
50,6660,6899,6916
50,783,912,922
50,6429,6738,6522
50,3151,3214,3150
50,1968,2305,2128
50,81308,88422,95247
50,149778,162837,177745
50,3993,3856,3793
50,5289,5194,4848
50,2071,2327,2295
50,3536,4140,4274
50,2385,2367,2315
50,3550,3476,3298
50,3343,3355,3249
50,1680,1825,1779
50,66861,69102,70489
50,2394,2393,2363
50,2420,2284,2244
50,2477,2644,2479
50,2435,2444,2471
50,4139,4101,4101
50,1990,1932,1919
50,5395,5908,5890
50,2809,2738,2608
50,6360,9278,12688
50,8962,9464,9636
50,8424,8589,8457
50,27471,28929,30938
50,7673,9340,10276
50,3126,3052,2902
50,1846,1889,1930
50,7413,7098,6962
50,4357,4419,4096
50,11451,11579,11596
50,5457,5496,5303
50,2470,2613,2455
50,16321,16291,16287
50,13937,14680,14614
50,3829,3879,3862
50,1321,1327,1351
50,4153,4434,4425
50,727,771,767
50,24199,28317,30291
50,1975,1918,1906
50,21100,21082,21132
50,2246,2264,2244
50,8121,8188,7998
50,11119,11081,10801
50,61675,67398,68516
50,4207,4150,3994
50,22398,29591,33467
50,28550,28089,27753
50,106331,105055,103093
50,53139,53153,53662
50,101497,99746,97748
50,64757,64594,66503
50,45949,45801,45753
50,70400,69563,68002
50,44846,44111,43523
50,368130,371395,380607
50,28836,28257,27324
50,40097,39461,38851
50,138333,136638,134549
50,197363,200447,204260
50,42040,41864,42004
50,107841,105959,103062
50,36901,36723,36536
50,43784,42713,41710
50,1280122,1265442,1247581
50,52959,52306,51549
50,39037,38564,38156
50,174214,185380,200870
50,77079,76053,74760
50,146156,148796,154686
50,29030,28686,28639
50,1163414,1218878,1295510
50,42698,42199,42265
50,30934,30685,30162
50,93389,93846,93881
50,161573,163907,166566
50,40087,39706,39066
50,802374,805182,814170
50,74782,75581,75973
50,32058,31747,31329
50,15864,15602,15202
50,28215,27824,27179
50,43589,43195,42903
50,29380,28653,28436
50,42366,43604,43895
50,59626,58825,58393
50,33225,32801,32386
50,69709,68168,66318
50,60921,60858,61271
50,230041,230075,230159
50,62450,61858,60075
50,166492,168461,173617
50,45858,45393,45198
50,301356,303098,307441
50,441815,436156,431039
50,43435,43256,44041
50,238823,234393,229791
50,66501,65964,65076
50,172332,174639,178176
50,23770,23443,23071
50,40814,40615,40858
50,102506,103213,105200
50,14642,14503,13931
50,535153,534270,531467
50,15054,14894,14644
50,34827,34846,34911
50,86074,85649,86123
50,14645,14678,14400
50,41428,41035,40623
50,19614,19143,18831
50,36058,36000,35972
50,55698,56355,57740
50,28709,28272,28088
50,161419,161695,162473
50,42270,41671,41116
50,34499,34123,33860
50,124475,122314,120430
50,78064,77283,77295
50,60944,60049,59093
50,79499,78304,75976
50,56745,55847,55267
50,49423,49203,48738
50,375586,375108,372003
50,541781,541926,541514
50,210312,206328,200281
50,92582,92602,92308
50,52300,53436,56798
50,28744,28347,28283
50,13435,13303,13082
50,212693,219216,228709
50,61778,61364,60491
50,114520,115400,116168
50,37642,37426,36707
50,125488,129013,130437
50,22615,22460,22063
50,22683,22460,22119
50,5642,5856,5913
50,14182,13901,13779
50,5636,5563,5364
50,22119,23468,21779
50,11943,9785,9512
50,42416,44118,46481
50,29600,29580,29356
50,115541,125943,140001
50,47557,48465,48273
50,46987,47870,48891
50,15205,15053,14804
50,2475,2328,2152
50,255755,269860,279542
50,5925,5763,5630
50,124098,124949,121786
50,6193,6164,5863
50,15029,14701,14332
50,69967,70575,71890
50,27469,29310,28974
50,41487,41695,42672
50,4810,4857,4899
50,4151,4133,3970
50,60580,62370,61600
50,27576,27429,27857
50,52431,53637,54829
50,4527,4521,4379
50,6239,6139,5793
50,2922,2891,2710
50,3685,3871,3784
50,12769,12917,12726
50,14003,13643,13265
50,26446,26109,25112
50,6472,6357,6164
50,10957,10986,11121
50,46562,45541,44403
50,15034,15300,15688
50,9446,9344,8849
50,11154,10794,10318
50,50384,50301,50020
50,34273,34235,34961
50,41848,43829,46785
50,9423,9700,10076
50,34506,36457,39306
50,33151,33228,33031
50,20252,20110,19701
50,7527,7710,7684
50,15840,16065,16364
50,41259,40963,40988
50,13488,13683,13918
50,70990,70172,69027
50,11561,11422,11303
50,10536,10557,10322
50,12191,12298,12076
50,718633,756187,786068
50,40069,39396,38819
50,47472,47391,47346
50,31848,32163,31368
50,16577,16456,16419
50,77350,79698,81908
50,45837,45267,44154
50,37492,38159,38371
50,69442,70906,72185
50,11572,11206,11118
50,3647,3732,3661
50,86905,88727,91435
50,25482,25438,24845
50,42391,41814,41742
50,45048,44976,43340
50,20640,22048,20924
50,7992,7728,7399
50,603403,623705,646437
50,73085,75654,78984
50,50976,51646,51996
50,11629,11701,11055
50,8878,9000,9069
50,20081,21240,20531
50,16134,16016,16083
50,85579,86167,91790
50,375992,387442,412442
50,37039,37113,39101
50,49351,49259,51724
50,63043,62376,63708
50,20978,20699,23065
50,22364,22226,22630
50,157733,165299,186744
50,107667,106603,109197
50,1871,1943,1862
50,7445,7270,7188
50,7422,7161,7258
50,22346,22577,23398
50,203206,207179,216746
50,21720,21871,23652
50,82713,83131,86584
50,66380,65682,66810
50,7895,7795,7874
50,351715,355481,375264
50,46034,46322,48757
50,116672,118405,125035
50,31313,30634,30385
50,315335,321471,340531
50,11173,11196,11198
50,735334,766532,807885
50,75403,76544,83711
50,1765,1725,1735
50,25250,25343,26522
50,75889,76875,77120
50,25748,25526,26383
50,7008,6771,7025
50,25213,25323,26296
50,529710,555264,591336
50,1441,1378,1348
50,99193,99869,105238
50,101407,101137,102562
50,1223348,1233700,1220141
50,68941,67964,65991
50,170539,169726,165654
50,49762,49318,48356
50,411442,413915,417511
50,127089,125836,123147
50,62622,62510,60963
50,625249,625012,626811
50,183862,185103,186828
50,143679,138826,132960
50,5085,4927,4619
50,65249,64538,63828
50,153990,158231,162316
50,498886,509105,518901
50,39988,39074,38998
50,81642,81428,79799
50,39238,39831,38830
50,67295,67193,65581
50,88765,87508,85772
50,235406,241059,249024
50,268100,271431,275714
50,558979,561499,563858
50,31946,31461,30271
50,280566,280717,273558
50,136606,134601,131309
50,7716,7544,7317
50,149618,151945,154376
50,14845,14620,14469
50,38686,37856,36846
50,45913,45840,45429
50,88880,88140,84743
50,45200,44880,43818
50,24636,24480,24635
50,214437,213725,210451
50,519445,530012,541332
50,91108,89258,86546
50,133568,135804,139553
50,349497,355341,365577
50,320918,319637,317808
50,116111,116598,114012
50,43450,42808,41362
50,116638,115129,111473
50,46682,46629,46290
50,169842,167355,167895
50,799874,812586,824303
50,18267,18399,18270
50,297735,298955,302801
50,94528,93877,91721
50,45969,45649,46046
50,1526006,1558313,1580601
50,57369,56061,55397
50,17457,17453,16841
50,148289,146668,142580
50,39702,40123,40594
50,77742,76587,74242
50,6428,6301,6142
50,43356,42397,40934
50,41981,42211,40671
50,44947,44735,44642
50,54984,53811,51790
50,41815,40954,39679
50,207820,208046,207075
50,52822,52204,51192
50,365169,360663,352006
50,28276,28133,27396
50,434972,438932,445484
50,49875,49247,48734
50,166158,164358,163543
50,82888,83459,82952
50,626667,631584,634130
50,126979,126433,126314
50,25417,24899,24567
50,160099,163702,168325
50,10419,9825,9012
50,187126,190005,198186
50,15987,15396,14384
50,22621,22210,21355
50,162233,170962,186497
50,177843,194031,214541
50,15175,14989,14696
50,350209,371703,402008
50,55342,56056,56913
50,33140,32737,32299
50,46734,46116,45979
50,34971,34260,34012
50,38892,37664,37555
50,68681,67808,66981
50,32062,31411,30496
50,136555,145538,158988
50,26985,26567,26837
50,23956,23194,22593
50,136885,138178,138495
50,60158,60476,61826
50,451225,473014,506831
50,69661,69823,70496
50,21090,20386,19498
50,269291,288783,332655
50,24777,26330,28522
50,61697,62592,65213
50,76652,80649,92411
50,66537,66149,66822
50,19220,18381,17388
50,262391,273248,290338
50,10233,9873,9554
50,33062,32082,31295
50,28933,28060,26691
50,37508,37461,38381
50,74273,74937,77388
50,92501,90673,87671
50,119224,119249,123518
50,384504,396757,411800
50,19875,20062,20299
50,284307,290414,306740
50,107456,107747,106431
50,28961,28004,27400
50,34423,33074,31216
50,226073,238605,266165
50,2710,2715,2769
50,17398,18201,18541
50,3431,3463,3446
50,7070,6983,6952
50,31965,33016,34749
50,36531,38136,39290
50,5255,5359,5304
50,1912,2025,2013
50,10110,10281,10114
50,1466,1368,1372
50,9129,9187,9404
50,3691,3625,3679
50,13864,13896,14032
50,27227,27863,28125
50,4050,4208,4195
50,8216,8404,8763
50,19504,19941,19870
50,5710,5575,5494
50,4364,4310,4311
50,5301,5586,5857
50,3002,2974,2927
50,4071,4023,3915
50,7094,6806,6698
50,2364,2349,2323
50,7356,7386,7159
50,4271,4232,4206
50,1937,1881,1921
50,5903,5928,5998
50,3431,3376,3275
50,3331,3402,3409
50,1255,1259,1244
50,17022,17428,17670
50,7343,7190,7349
50,1420,1379,1297
50,3031,3233,3269
50,2071,2070,2024
50,1006,972,922
50,5148,5065,4929
50,11200,11910,12795
50,24097,24939,25677
50,44828,49891,56681
50,3755,3848,3876
50,5618,5594,5561
50,2459,2424,2401
50,4656,4795,4945
50,25434,26401,27941
50,2048,2047,2063
50,2389,2312,2200
50,169468,177981,189538
50,6486,6451,6494
50,13586,14126,14384
50,100948,105919,110503
50,2982,3025,2962
50,2329,2357,2214
50,10149,10238,10265
50,2355,2325,2435
50,6415,6666,6507
50,2966,2979,2986
50,1373,1435,1398
50,9612,9994,10277
50,5644,5523,5443
50,8347,8306,8303
50,14399,14759,15277
50,5438,5484,5497
50,22438,22641,22682
50,2801,2851,2748
50,75129,75299,76056
50,45058,45565,48211
50,16489,16360,15993
50,12876,13910,14895
50,123010,124874,129999
50,98963,101778,105421
50,40716,40247,39791
50,13801,13700,14157
50,28522,28606,27807
50,57424,56978,56510
50,39105,39340,40366
50,17131,17116,17154
50,32213,31627,31661
50,7861,7688,7663
50,35662,35400,35528
50,52796,53298,55016
50,14586,14610,14436
50,56053,57438,59023
50,626681,660179,687159
50,11757,11696,11732
50,18723,19150,19876
50,49666,50164,52774
50,38335,38093,37339
50,38413,38812,40150
50,17959,17904,18214
50,41052,41213,41623
50,49683,49380,49255
50,29485,28801,29379
50,22657,22739,23106
50,68831,68336,68821
50,13703,13449,13332
50,62544,63051,64062
50,336463,349050,361032
50,6819,6621,6593
50,27253,26360,25488
50,26026,25925,25738
50,56833,56696,56620
50,18787,18234,17607
50,27769,28042,27851
50,32330,32250,32380
50,24690,24207,24839
50,8426,8276,8158
50,18538,18244,18503
50,11638,11561,11702
50,51407,52134,53730
50,18244,18014,17603
50,432226,444314,461565
50,7832,7713,7451
50,27815,27573,26093
50,41869,42028,43388
50,12161,11994,12025
50,33361,33499,33892
50,48556,50386,52260
50,52266,52431,52931
50,26075,26035,26001
50,22248,22637,23905
50,98294,98730,97491
50,28237,28326,28406
50,30617,31140,33020
50,80956,83618,92237
50,11753,11659,12042
50,44519,45228,46035
50,172331,184252,199771
50,6362,6274,6391
50,21987,21673,21555
50,31807,31017,30375
50,22083,21969,21998
50,7915,7880,7954
50,5077,5013,5062
50,16825,16632,16759
50,72321,74095,77299
50,31809,32529,32671
50,54181,53161,53020
50,66283,67412,70328
50,262604,281148,316531
50,22228,22062,21964
50,14112,14537,14767
50,89889,93477,97307
50,927644,938363,935251
50,19166,19117,19732
50,13324,13277,13422
50,156823,156185,156924
50,160645,168754,183756
50,61081,61572,61305
50,7870,7810,10831
50,18313,18095,17796
50,19109,19063,19399
50,5548,5574,5747
50,39839,39875,40717
50,122979,125397,127603
50,17021,16920,16641
50,35021,34155,33325
50,25841,26193,26764
50,183182,199143,226048
50,113993,121990,136691
50,58458,57960,58175
50,14786,16779,17603
50,86771,87312,87572
50,23158,23889,25392
50,9054,8801,8783
50,1901,1940,1867
50,44911,47021,49083
50,28417,28679,29722
50,7165,7124,7066
50,20485,20557,22327
50,74171,75814,84585
50,3726,3577,3555
50,31861,32810,32592
50,310235,327028,347377
50,1714773,1821328,1956988
50,10497,10636,11481
50,641,646,670
50,18212,17863,18295
50,92565,93374,93458
50,313166,329890,361853
50,194851,204116,223917
50,9232,9287,9325
50,1637,1562,1514
50,7223,7259,7132
50,38106,37671,37815
50,17187,17269,18053
50,42750,43580,46600
50,38066,39201,42328
50,21381,21729,21712
50,13544,13502,13968
50,406220,417357,422227
50,12401,12462,12845
50,6182,5988,6005
50,30464,30237,29966
50,8062,8120,7696
50,35096,37367,41269
50,50845,51093,52116
50,7041,7055,7269
50,10752,10455,10484
50,3127,3009,2853
50,3320,3180,3285
50,8895,8526,8399
50,782341,856398,971864
50,3057,3100,2964
50,20874,20717,21291
50,108472,118627,140721
50,13974,13554,13533
50,4087,4122,2707
50,38437,38456,39932
50,75388,76761,74760
50,1505,1442,1375
50,4375,4718,4685
50,3719,3763,3535
50,6059,5924,5849
50,2398,2306,2230
50,6703,7110,7272
50,2368139,2484486,2620154
50,13833,13219,12744
50,19372,19180,18753
50,5231,5120,5276
50,662614,728624,835364
50,20097,20377,20180
50,2444,2297,2190
50,9996,10894,10282
50,3677,3561,3340
50,11782,11581,11270
50,18583,18279,18294
50,137130,149656,156951
50,2002,1899,1929
50,149610,155928,173405
50,800647,830864,837401
50,37890,39886,41723
50,17866,17242,17340
50,33915,33510,34550
50,24554,24721,25119
50,3974,3859,3874
50,6446,6245,5830
50,1336,1286,1202
50,585375,651847,767712
50,10605,10615,10798
50,19816,19597,19649
50,17217,18400,19895
50,17526,18807,20553
50,291309,306589,334633
50,6461,6371,6490
50,24837,25363,26483
50,1226,1271,1363
50,7210,7452,7552
50,19807,20143,20742
50,22535,22996,22106
50,120877,122362,131152
50,121730,123233,122852
50,26604,26792,27955
50,131533,142881,159639
50,36273,35676,33954
50,3353,3164,3042
50,8517,8241,8407
50,5613,5547,5485
50,4139,4065,3959
50,54635,55305,57117
50,4092459,4353187,4657972
50,65631,66267,66468
50,6062,5999,5716
50,5899,5901,5699
50,157107,176035,214726
50,3807,4153,3929
50,78532,78669,80954
50,774769,818619,856249
50,35089,34851,35703
50,22935,23408,22977
50,51182,52860,57973
50,35161,35299,36451
50,23732,22809,23089
50,35012,36185,35817
50,3476,3339,4604
50,86129,87429,94046
50,22150,21921,21343
50,1599,1610,1512
50,9044,8951,8828
50,14075,14610,14806
50,35710,35617,35549
50,2342,2231,2260
50,252273,253079,256041
50,5300,5263,5212
50,40838,41681,40920
50,150934,154535,167012
50,20202,20044,19827
50,14824,14727,15556
50,103350,108248,122628
50,33410,37133,43969
50,416,438,427
50,808,782,759
50,49625,49787,51892
50,4607,4461,4385
50,286,273,289
50,3598,3632,3711
50,32061,32021,30752
50,3719,3722,3674
50,49793,49092,49568
50,13977,13663,13165
50,19677,20142,20861
50,6886,7444,7530
50,19263,19631,20028
50,16612,16545,17109
50,16801,16620,17235
50,75643,76849,83597
50,23384,23440,23391
50,3302,3490,3364
50,11531,11817,12146
50,19301,19509,21167
50,82,106,133
50,278831,289515,305413
50,5915,5728,5832
50,8283,8243,7941
50,234906,241443,251631
50,707,760,765
50,13664,13820,14251
50,10546,10277,10057
50,4799,5272,5531
50,4012,4120,4179
50,36702,36500,36805
50,54258,56532,58111
50,46006,47238,50183
50,2242,2137,2110
50,136872,152356,165318
50,24757,24090,24939
50,4936,4872,4917
50,9403,8999,8215
50,19719,19387,19399
50,455746,498392,571615
50,21904,22146,21604
50,12934,12680,12375
50,1210,1192,1226
50,64524,65193,65317
50,47735,48036,48739
50,14445,14341,13908
50,15216,15068,14854
50,340223,352946,361235
50,10223,10704,9996
50,2052,2088,2104
50,81837,82811,84971
50,28111,27886,28544
50,23796,23790,23211
50,116927,119785,133501
50,10269,9986,9710
50,15507,15660,15634
50,45413,45522,48990
50,121073,122127,120340
50,7818,7386,7100
50,10914,11033,11730
50,120725,126753,134015
50,3367,3633,3712
50,3309,3318,3417
50,12860,12487,12164
50,13783,14494,15166
50,7383,7279,7180
50,929,919,941
50,16622,16431,17153
50,78337,84670,96824
50,10501,10196,10282
50,53330,53332,54213
50,10834,10424,10417
50,8865,8663,8302
50,26384,26731,28231
50,64804,66134,67210
50,6131,5960,5996
50,3461,3191,2989
50,16921,17272,17003
50,3378,3375,3289
50,25448,25977,25225
50,3034,3070,3046
50,209714,216475,227195
50,8490,8566,8855
50,60968,62381,64130
50,9630,9371,9287
50,1143,1229,1287
50,1490,1418,1376
50,4128,3982,3792
50,7854,7720,7446
50,1809034,1912767,2056451
50,131506,133927,136634
50,984,891,814
50,12651,12713,12429
50,1641,1606,1510
50,32334,32587,32619
50,110224,114680,117566
50,1024266,1122248,1227585
50,14585,14445,14677
50,21766,21508,21517
50,39309,39757,41069
50,3355,3386,3658
50,26405,26904,27043
50,48879,49044,49028
50,52579,52328,55163
50,86793,90066,92045
50,67861,69404,72816
50,43205,45408,51717
50,10658,11205,11383
50,33718,34201,34861
50,250304,264430,273691
50,41280,41122,41837
50,5410,5716,5300
50,131500,132192,131689
50,13535,13204,12683
50,22134,22019,21508
50,422679,470017,546251
50,42918,45217,49211
50,7110,7635,7605
50,59127,61019,65848
50,41964,42346,44263
50,7879,8222,8557
50,18550,18354,17922
50,14018,14385,14254
50,11677,12195,11957
50,6629,6457,6421
50,49975,50727,53977
50,112656,117025,124236
50,21403,20903,20131
50,1059,1140,1013
50,306479,322228,346658
50,18607,19960,19868
50,10976,10759,10006
50,5172,5029,5025
50,9225,9376,9589
50,46163,46530,50761
50,10246,10261,11293
50,7125,7124,7520
50,12503,12555,12821
50,9469,10207,11829
50,1556,1488,1407
50,2264,2263,2395
50,1029655,1079392,1136719
50,14746,14988,15277
50,27822,28128,29921
50,20802,20747,21292
50,36324,38420,41330
50,58218,60633,67486
50,32588,35682,35228
50,516564,551273,606742
50,23530,26584,31890
50,138115,146987,165929
50,2778,2712,2702
50,231236,238062,251576
50,36821,36934,36900
50,37125,36534,35675
50,31227,31044,30141
50,156545,159432,163031
50,6306,6193,6184
50,47746,48407,48969
50,6970,6988,6975
50,24475,25111,25360
50,28936,28848,28964
50,27231,27135,26811
50,61642,60488,59006
50,59534,59218,58253
50,44513,43885,42851
50,56670,55993,55224
50,33164,32969,32685
50,98970,102270,107768
50,16250,15923,15128
50,12690,12656,12980
50,32353,32317,31863
50,14973,15320,15723
50,207627,224894,234647
50,73750,73842,75177
50,4731,4592,4266
50,68676,76177,78378
50,6824,6673,6354
50,33148,32994,33313
50,17434,16984,16570
50,24098,23625,21604
50,17146,17150,17038
50,54842,55078,55326
50,28545,29248,30432
50,30042,29909,29812
50,7256,7072,7026
50,12586,12279,12077
50,316236,327612,343276
50,14034,14253,14454
50,5190,5138,5062
50,46689,48606,51235
50,10052,9848,9828
50,15903,15526,14722
50,28001,28084,28630
50,11151,11161,10969
50,1081726,1131784,1148728
50,65203,67139,69547
50,15279,15482,15758
50,25691,25825,26480
50,56159,56269,56315
50,78305,81474,86456
50,17286,16988,16754
50,36858,36768,37295
50,21717,21565,22703
50,15533,15128,15697
50,18403,18848,19593
50,12243,11689,11569
50,36241,35386,34575
50,99863,101065,105674
50,306935,318640,327559
50,54151,52748,51346
50,2321,2205,2217
50,35270,35526,36571
50,67009,70612,75274
50,6945,7029,6999
50,23584,24897,26337
50,15935,16092,16684
50,11391,10959,10725
50,25587,25080,23900
50,312311,349915,397049
50,33153,33987,35912
50,12914,12532,12333
50,13308,13090,13212
50,8978,8898,8709
50,32727,31239,30693
50,10959,10781,10625
50,94392,96589,98142
50,15020,14800,14800
50,18429,19516,21638
50,12389,12030,11872
50,12330,12298,12271
50,15853,15637,15432
50,33481,34620,35870
50,24042,23723,23784
50,18490,18249,17713
50,63506,62554,61309
50,28046,28300,28716
50,23368,22714,22678
50,35725,37333,38006
50,402002,437735,463069
50,34872,34546,34225
50,7373,7428,7393
50,9254,8952,8889
50,92376,93311,93939
50,22307,22328,22668
50,76314,77419,80397
50,28897,28336,27046
50,23177,22768,21893
50,41993,42506,43276
50,32208,31772,30731
50,18570,18329,17841
50,122397,127392,132739
50,128961,135923,146792
50,7058,6787,6503
50,12087,11766,11379
50,45078,44017,41303
50,37575,38500,39409
50,54876,54776,54179
50,17454,17552,17725
50,41452,40662,38574
50,29235,29282,28829
50,65464,65980,68022
50,139966,149637,159215
50,17835,17386,16880
50,6650,6652,6482
50,43475,45012,47463
50,222209,230327,240143
50,17411,17487,17424
50,5961,5827,5576
50,43055,42623,41044
50,5927,5693,5467
50,22565,23230,23435
50,12332,13360,14245
50,8582,8536,8145
50,24286,27818,28498
50,7042,6931,6484
50,137436,137332,134725
50,48914,51537,53644
50,22591,22161,22505
50,7042,7146,7154
50,75568,77940,80523
50,37821,41082,41141
50,14273,15896,17149
50,13821,13416,12823
50,180719,181275,179447
50,242803,245468,244543
50,3958,4099,3918
50,32420,32311,31137
50,12150,12094,12039
50,95535,96075,94838
50,16408,17117,17484
50,204214,213860,227230
50,97032,98849,98986
50,24802,25317,25373
50,23746,24101,24325
50,84585,85751,90108
50,437994,447706,449896
50,21006,21167,22242
50,14068,14617,14994
50,26203,27321,28178
50,18728,19098,19651
50,21623,22129,22509
50,175177,184318,198200
50,72453,73723,76298
50,71404,72046,75637
50,425363,441341,474381
50,4078,4002,4002
50,102410,101483,106805
50,38431,39387,42027
50,7551,7594,7576
50,78163,86448,91896
50,2266,2237,2215
50,89120,91701,95357
50,72797,71046,72490
50,78506,78198,83250
50,29872,30004,31210
50,1931249,2047223,2203836
50,251133,252401,266289
50,40915,41828,46176
50,20318,20871,21751
50,75455,74962,78320
50,10570,10295,10585
50,60699,60474,63740
50,41120,41053,41915
50,20920,20442,21742
50,13001,12885,13358
50,795225,821012,879654
50,15769,15909,16729
50,116901,118255,125860
50,11066,11308,11809
50,713335,744112,802089
50,471221,478332,505623
50,43531,43271,44636
50,252264,261852,280269
50,3978,4034,4251
50,58781,59361,60512
50,201140,206073,221410
50,44776,46792,49382
50,243231,246485,249922
50,16589,16871,16515
50,104169,108495,115073
50,24629,24089,22369
50,14523,14385,14217
50,24069,23589,22373
50,96319,97026,94452
50,7627,7548,7310
50,9386,9139,8693
50,8202,8549,8518
50,46039,45557,43607
50,8693,8622,8042
50,11937,11740,11627
50,35480,35798,35208
50,23964,23483,23386
50,30676,30382,29383
50,14025,13968,13849
50,69099,68907,67905
50,29211,29193,28908
50,53498,55001,56444
50,193063,191539,183385
50,16372,16480,16178
50,21720,21452,20872
50,36743,35933,33028
50,22113,20958,18505
50,56418,56723,56349
50,33107,32643,31252
50,27324,27144,26806
50,62264,61911,59869
50,28212,27691,27223
50,26839,26013,24142
50,96189,102266,105782
50,13502,13520,13382
50,17541,17445,17716
50,26233,25948,25125
50,44443,43732,42001
50,7695,7375,6973
50,7605,7518,7455
50,8719,8680,8493
50,33520,33682,33826
50,55486,56492,56692
50,78859,78799,75066
50,29405,29522,28894
50,10449,10147,9851
50,14926,14607,14004
50,13927,13589,12882
50,16895,16990,16914
50,7141,7080,6992
50,9208,9007,8800
50,24254,24601,24555
50,42481,41840,40215
50,9154,8833,8348
50,16583,16112,15433
50,5717,5838,5786
50,86956,86522,85060
50,23796,22940,21271
50,20875,20413,19900
50,16157,15970,15501
50,45870,45581,45141
50,15014,15113,15006
50,248007,254211,261762
50,13587,13365,13105
50,15457,15269,15295
50,48971,49648,49995
50,62415,63088,63747
50,34690,34538,34571
50,56833,56581,57244
50,16644,16392,16199
50,488073,509762,537453
50,88759,87933,87705
50,27785,27609,27454
50,44159,43760,43328
50,43857,44046,44714
50,98736,101734,103582
50,4423,4383,4335
50,101633,101787,102417
50,9304,9090,8969
50,51208,50994,51728
50,36842,36934,36877
50,19051,18880,18720
50,23687,23556,23676
50,5916,5829,5675
50,20449,20559,20485
50,83686,84604,84733
50,26664,26567,26460
50,166426,167300,168356
50,20574,20370,20401
50,114638,116881,118033
50,16836,16669,16689
50,19977,19408,19175
50,28743,28305,27751
50,81442,80485,79099
50,134063,134884,135452
50,41749,41288,40300
50,15404,15179,15280
50,4232,4383,4599
50,947735,957443,950172
50,44673,45123,45715
50,37660,37366,37531
50,35998,35558,35236
50,176695,180330,185816
50,86395,87213,88443
50,7469,7347,7246
50,41019,40814,42016
50,44205,43313,43397
50,70019,70518,70565
50,14159,13738,13380
50,195408,194680,195825
50,18021,17827,17517
50,160331,160341,162205
50,14755,14367,14148
50,84345,85643,88560
50,61976,62782,63967
50,16557,16474,16367
50,41949,41409,40846
50,115507,114697,115089
50,20689,20424,20314
50,28816,29461,29372
50,29773,30089,30702
50,21430,21395,21684
50,102228,102793,102850
50,15911,15661,15739
50,131887,132929,134930
50,389891,394147,400899
50,52410,52066,51118
50,24496,24255,24193
50,166994,169283,170394
50,74749,73920,73038
50,36299,37556,38459
50,11668,11936,11859
50,46133,48038,46402
50,15885,15834,15252
50,13833,14366,13733
50,7083,7149,7397
50,40123,40912,39818
50,13249,13545,13361
50,4812,4831,4686
50,8569,8641,8447
50,91738,95707,98377
50,18106,18320,19278
50,75450,81103,79586
50,2484,2544,2392
50,28205,29050,29194
50,8667,8710,8541
50,29116,29733,30147
50,10247,10175,9745
50,43806,45157,43464
50,21294,22315,23384
50,21118,20951,20431
50,8533,8413,8010
50,7208,7136,6968
